-- cleanup
DELETE FROM gameobject WHERE guid BETWEEN 121700 AND 121846;
DELETE FROM gameobject WHERE guid BETWEEN 121915 AND 121925;
DELETE FROM gameobject WHERE guid = 105315;
-- Coilskar chest
INSERT INTO gameobject (guid, id, map, spawnMask, phaseMask, position_x, position_y, position_z, orientation, rotation0, rotation1, rotation2, rotation3, spawntimesecs, animprogress, state) VALUES
(121701, 184716, 530, 1,1,-2962.65, 1303.57, 8.06647, 0.6283169, 0, 0, 0.3090162, 0.9510568, 120, 255, 1),
(121702, 184716, 530, 1,1,-2900.39, 1302.51, 6.85874, 2.129301, 0, 0, 0.8746195, 0.4848101, 120, 255, 1),
(121703, 184716, 530, 1,1,-2914.77, 1390.09, 7.06381, 6.126106, 0, 0, -0.07845879, 0.9969174, 120, 255, 1),
(121704, 184716, 530, 1,1,-2835.52, 1293.71, 6.35783, 3.106652, 0, 0, 0.9998474, 0.01746928, 120, 255, 1),
(121705, 184716, 530, 1,1,-2784.34, 1311.39, 33.6127, 0.2792516, 0, 0, 0.1391726, 0.9902682, 120, 255, 1),
(121706, 184716, 530, 1,1,-2771, 1197.01, 6.66843, 3.455756, 0, 0, -0.9876881, 0.1564362, 120, 255, 1),
(121707, 184716, 530, 1,1,-2749.1, 1229.3, 33.4285, 1.396262, 0, 0, 0.642787, 0.766045, 120, 255, 1),
(121708, 184716, 530, 1,1,-2792.3, 1222.5, 6.8073, 3.700105, 0, 0, -0.9612608, 0.2756405, 120, 255, 1),
(121709, 184716, 530, 1,1,-2726.82, 1275.03, 33.318, 3.804818, 0, 0, -0.9455185, 0.3255684, 120, 255, 1),
(121710, 184716, 530, 1,1,-2711.77, 1300.37, 34.1015, 1.431168, 0, 0, 0.6560583, 0.7547102, 120, 255, 1),
(121711, 184716, 530, 1,1,-2677.44, 1271.89, 28.6845, 0.9599299, 0, 0, 0.4617481, 0.8870111, 120, 255, 1),
(121712, 184716, 530, 1,1,-2800.67, 1159.09, 6.86852, 0.9948372, 0, 0, 0.4771585, 0.8788173, 120, 255, 1),
(121713, 184716, 530, 1,1,-2679, 1384.25, 38.4438, 4.90824, 0, 0, 0.634586, -0.772852, 120, 255, 1),
(121714, 184716, 530, 1,1,-2686.16, 1394.24, 38.5802, 4.153885, 0, 0, -0.8746195, 0.4848101, 120, 255, 1),
(121715, 184716, 530, 1,1,-2707.96, 1389.91, 38.5802, 5.550147, 0, 0, -0.3583679, 0.9335805, 120, 255, 1),
(121716, 184716, 530, 1,1,-2630.94, 1267.08, 23.9588, 3.996807, 0, 0, -0.9099607, 0.4146944, 120, 255, 1),
(121717, 184716, 530, 1,1,-2576.08, 1405.02, 40.7724, 4.06662, 0, 0, -0.8949337, 0.4461992, 120, 255, 1),
(121718, 184716, 530, 1,1,-2817.58, 1253.35, 6.74906, 4.35564, 0, 0, 0.821351, -0.570424, 120, 255, 1),
(121719, 184716, 530, 1,1,-2638.01, 1221.84, 9.4381, 2.20363, 0, 0, 0.892029, 0.451978, 120, 255, 1),
(121720, 184716, 530, 1,1,-2623.03, 1238.01, 17.3887, 4.36662, 0, 0, 0.818206, -0.574925, 120, 255, 1),
(121721, 184716, 530, 1,1,-2715.44, 1336.68, 34.3086, 5.1049, 0, 0, 0.55565, -0.831416, 120, 255, 1),
(121722, 184716, 530, 1,1,-2665.92, 1331.43, 34.4453, 1.82562, 0, 0, 0.791227, 0.611523, 120, 255, 1);
-- Bonfire - missing in Oronok's Farm (Shadowmoon Valley)
INSERT INTO gameobject (guid, id, map, spawnMask, phaseMask, position_x, position_y, position_z, orientation, rotation0, rotation1, rotation2, rotation3, spawntimesecs, animprogress, state) VALUES
(121723, 184683, 530, 1,1,-2804.579, 1259.304, 74.66774, 3.13983, 0.004361629, -0.02181435, 0.999752, 0.0009765625, 25, 255, 1);
-- Burning Horde Siege Engine - req. for (q.10087) -- sniff
INSERT INTO gameobject (guid, id, map, spawnMask, phaseMask, position_x, position_y, position_z, orientation, rotation0, rotation1, rotation2, rotation3, spawntimesecs, animprogress, state) VALUES
(121769, 182817, 530, 1,1,-353.264, 2714.73, 44.4037, 0.53776, 0, 0, 0.06975555, 0.9975641, -300, 255, 1),
(121770, 182817, 530, 1,1,-300.684, 2407.6, 60.7085, 0.113659, 0, 0, -0.7604055, 0.6494485, -300, 255, 1);
-- Vector Coil Fire - req. for (q.10129) - sniff
INSERT INTO gameobject (guid, id, map, spawnMask, phaseMask, position_x, position_y, position_z, orientation, rotation0, rotation1, rotation2, rotation3, spawntimesecs, animprogress, state) VALUES
(121771, 182090, 530, 1,1,-294.437, 1525.48, 36.6622, 4.09861, 0, 0, 0.9681473, 0.2503814, -180, 255, 1),
(121772, 182090, 530, 1,1,-297.022, 1520.55, 67.9861, 3.90619, 0, 0, 0.92781, -0.373052, -180, 255, 1),
(121773, 182090, 530, 1,1,-308.298, 1530.72, 54.7025, 2.2372, 0, 0, 0.899489, 0.436943, -180, 255, 1),
(121774, 182090, 530, 1,1,-320.928, 1530.98, 40.3923, 5.85003, 0, 0, 0.214889, -0.976638, -180, 255, 1);
-- Fetish of Sar'this - req. for (q.11089) 
INSERT INTO gameobject (guid, id, map, spawnMask, phaseMask, position_x, position_y, position_z, orientation, rotation0, rotation1, rotation2, rotation3, spawntimesecs, animprogress, state) VALUES
(121775, 185856, 530, 1,1,-2466.6, 4699.98, 156.65, 0.7544816, 0, 0, 0.3683567, 0.9296846, -300, 255, 1); 
-- Ethereal Repair Kit  - req. for (q.10436) 
INSERT INTO gameobject (guid, id, map, spawnMask, phaseMask, position_x, position_y, position_z, orientation, rotation0, rotation1, rotation2, rotation3, spawntimesecs, animprogress, state) VALUES
(121776, 184614, 530, 1,1,4924.32, 2991.21, 93.8808, 3.88003, 0, 0, 0.932609, -0.360887, -15, 255, 1),
(121777, 184614, 530, 1,1,4924.47, 2990.35, 93.8867, 2.25067, 0, 0, 0.902413, 0.430872, -15, 255, 1),
(121778, 184614, 530, 1,1,4923.45, 2991.21, 93.9248, 5.49404, 0, 0, 0.384413, -0.923161, -15, 255, 1),
(121779, 184614, 530, 1,1,4923.56, 2990.45, 93.9413, 0.813699, 0, 0, 0.395718, 0.918372, -15, 255, 1);
-- Forge -- missing in Orgrimmar - 3.3.5 sniff
INSERT INTO gameobject (guid, id, map, spawnMask, phaseMask, position_x, position_y, position_z, orientation, rotation0, rotation1, rotation2, rotation3, spawntimesecs, animprogress, state) VALUES
(121915, 1685, 1, 1,1,1523.78, -4368.24, 18.2141, 2.55201, 0, 0, 0, 1, 25, 255, 1);
-- Blacksmith's Anvil -- missing in Orgrimmar - 3.3.5 sniff
INSERT INTO gameobject (guid, id, map, spawnMask, phaseMask, position_x, position_y, position_z, orientation, rotation0, rotation1, rotation2, rotation3, spawntimesecs, animprogress, state) VALUES
(121916, 1684, 1, 1,1,1524.93, -4371.18, 17.9437, 2.60698, 0, 0, 0.7253742, 0.6883547, 25, 255, 1);
-- Roland's Mana Gem
INSERT INTO gameobject (guid, id, map, spawnMask, phaseMask, position_x, position_y, position_z, orientation, rotation0, rotation1, rotation2, rotation3, spawntimesecs, animprogress, state) VALUES 
(105315, 148842, 1, 1,1,1697.41, -5866.47, -130.590, 0.353373, 0, 0, 0.175769, 0.984432, 25, 255, 1);
-- Fissure plant  - all missing ones added 
INSERT INTO gameobject (guid, id, map, spawnMask, phaseMask, position_x, position_y, position_z, orientation, rotation0, rotation1, rotation2, rotation3, spawntimesecs, animprogress, state) VALUES 
(121921, 3743, 1, 1,1,-1278.97, -3008.1, 72.0716, 0.86185, 0, 0, 0.417711, 0.90858, -30, 100, 1),
(121922, 3743, 1, 1,1,-1275.4, -3006.46, 72.5618, 1.29382, 0, 0, 0.602723, 0.79795, -30, 100, 1),
(121923, 3743, 1, 1,1,-1279.63, -3014.32, 71.7535, 0.539832, 0, 0, 0.26665, 0.963793, -30, 100, 1),
(121924, 3743, 1, 1,1,-1277.91, -3016.5, 72.699, 0.889334, 0, 0, 0.430157, 0.902754, -30, 100, 1),
(121925, 3743, 1, 1,1,-1274.86, -3016.2, 72.6146, 1.63939, 0, 0, 0.730938, 0.682444, -30, 100, 1);
-- Xfurry
-- quest 1221 - Blueleaf tubber (YTDB)
DELETE FROM gameobject WHERE id = 20920;
INSERT INTO gameobject (guid, id,map,spawnMask,phaseMask,position_x,position_y,position_z,orientation,rotation0,rotation1,rotation2,rotation3,spawntimesecs,animprogress,state) VALUES
(121780,20920, 47, 1, 1, 2082.74, 1671.82, 61.2396, 3.66079, 0, 0, 0.966493, -0.256693, -43200, 100, 1),
(121781,20920, 47, 1, 1, 2159.43, 1687.49, 57.5433, 3.66079, 0, 0, 0.966493, -0.256693, -43200, 100, 1),
(121782,20920, 47, 1, 1, 2080.89, 1703.36, 56.6447, 0.553757, 0, 0, 0.273354, 0.961913, -43200, 100, 1),
(121783,20920, 47, 1, 1, 2055.28, 1767.7, 58.4559, 2.98378, 0, 0, 0.996889, 0.0788245, -43200, 100, 1),
(121784,20920, 47, 1, 1, 2196.64, 1827.96, 61.4706, 2.11277, 0, 0, 0.870583, 0.492022, -43200, 100, 1),
(121785,20920, 47, 1, 1, 2030.32, 1867.61, 56.2866, 5.6777, 0, 0, 0.298139, -0.954522, -43200, 100, 1),
(121786,20920, 47, 1, 1, 2091.33, 1861.73, 51.0341, 1.25355, 0, 0, 0.586536, 0.809923, -43200, 100, 1),
(121787,20920, 47, 1, 1, 2200.15, 1897.64, 71.3191, 2.6492, 0, 0, 0.969846, 0.243717, -43200, 100, 1),
(121788,20920, 47, 1, 1, 2075.75, 1742.04, 76.7184, 1.33994, 0, 0, 0.620962, 0.78384, -43200, 100, 1),
(121789,20920, 47, 1, 1, 2126, 1661.15, 82.4824, 0.0220437, 0, 0, 0.0110216, 0.999939, -43200, 100, 1),
(121790,20920, 47, 1, 1, 2207.92, 1596.91, 80.7375, 3.60582, 0, 0, 0.973182, -0.230035, -43200, 100, 1),
(121791,20920, 47, 1, 1, 2156.98, 1542.26, 72.849, 2.43086, 0, 0, 0.937519, 0.347934, -43200, 100, 1),
(121792,20920, 47, 1, 1, 2179.95, 1514.06, 69.0709, 0.778385, 0, 0, 0.379441, 0.925216, -43200, 100, 1),
(121793,20920, 47, 1, 1, 2000.85, 1533.93, 80.3971, 4.919, 0, 0, 0.630419, -0.776255, -43200, 100, 1),
(121794,20920, 47, 1, 1, 1991.49, 1608.53, 81.1601, 1.1004, 0, 0, 0.522858, 0.85242, -43200, 100, 1);
INSERT INTO gameobject (guid, id,map,spawnMask,phaseMask,position_x,position_y,position_z,orientation,rotation0,rotation1,rotation2,rotation3,spawntimesecs,animprogress,state) VALUES
(121795,300011, 47, 1, 1, 2072.84, 1582.57, 82.14, 0, 0, 0, 0, 1, -43200, 0, 1);
-- -----------------
-- Gameobject w/ script or pool
-- -----------------
-- cleanup
DELETE FROM gameobject WHERE guid BETWEEN 121847 AND 121904;
DELETE FROM pool_gameobject WHERE guid IN (50422,50423,50424);
DELETE FROM pool_gameobject WHERE guid BETWEEN 121847 AND 121904;

-- Grz3s
-- Netherwing Eggs + pools
-- Netherwing Eggs - Dragonmaw Fortrees
INSERT INTO gameobject (guid, id, map, spawnMask, phaseMask, position_x, position_y, position_z, orientation, rotation0, rotation1, rotation2, rotation3, spawntimesecs, animprogress, state) VALUES
(121847, 185915, 530, 1,1,-4138.304, 482.0097, 60.31463, 3.089183, 0, 0, 0.9996567, 0.02620165, 4200, 255, 1),
(121848, 185915, 530, 1,1,-4221.473, 370.1472, 136.2317, 2.111848, 0, 0, 0.8703556, 0.4924237, 4200, 255, 1),
(121849, 185915, 530, 1,1,-4141.233, 468.9189, 32.59948, 0.8726639, 0, 0, 0.4226179, 0.9063079, 4200, 255, 1),
(121850, 185915, 530, 1,1,-4174.88, 299.702, 125.637, 2.8646, 0, 0, 0.990424, 0.138056, 4200, 255, 1), 
(121851, 185915, 530, 1,1,-4094.411, 395.8236, 30.42728, 0.3316107, 0, 0, 0.1650467, 0.9862857, 4200, 255, 1),
(121852, 185915, 530, 1,1,-4286.163, 408.8362, 129.7793, 1.361356, 0, 0, 0.6293201, 0.7771462, 4200, 255, 1),
(121853, 185915, 530, 1,1,-4195.44, 528.106, 28.0747, 3.77486, 0, 0, 0.95029, -0.311367, 4200, 255, 1),
(121854, 185915, 530, 1,1,-4158.35, 373.572, 142.105, 4.45963, 0, 0, 0.790595, -0.612339, 4200, 255, 1),
(121855, 185915, 530, 1,1,-4240.26, 440.643, 49.1631, 2.44898, 0, 0, 0.940633, 0.339426, 4200, 255, 1),
(121856, 185915, 530, 1,1,-4188.79, 455.691, 30.549, 5.53863, 0, 0, 0.363738, -0.931501, 4200, 255, 1),
(121857, 185915, 530, 1,1,-4244.2, 324.641, 134.416, 2.40488, 0, 0, 0.932921, 0.360082, 4200, 255, 1);
-- Netherwing Eggs - Ledge
INSERT INTO gameobject (guid, id, map, spawnMask, phaseMask, position_x, position_y, position_z, orientation, rotation0, rotation1, rotation2, rotation3, spawntimesecs, animprogress, state) VALUES
(121858, 185915, 530, 1,1,-4930.131, 41.44596, 61.44243, 1.884953, 0, 0, 0.8090162, 0.5877863, 4200, 255, 1),
(121859, 185915, 530, 1,1,-5103.112, 707.9791, 85.04285, 0.2792516, 0, 0, 0.1391726, 0.9902682, 4200, 255, 1),
(121860, 185915, 530, 1,1,-4866.486, -112.1988, 62.65261, 4.433136, 0, 0, -0.7986355, 0.601815, 4200, 255, 1),
(121861, 185915, 530, 1,1,-5303.764, 544.0323, 4.04017, 2.426008, 0, 0, 0.9366722, 0.3502074, 4200, 255, 1),
(121862, 185915, 530, 1,1,-4922.48, -70.15397, 123.4808, 5.235988, 0, 0, -0.5, 0.8660254, 4200, 255, 1),
(121863, 185915, 530, 1,1,-5103.525, 64.55653, 81.25462, 4.276057, 0, 0, -0.8433914, 0.5372996, 4200, 255, 1),
(121864, 185915, 530, 1,1,-5216.26, 322.304, 123.711, 4.88367, 0, 0, 0.644031, -0.764999, 4200, 255, 1),
(121865, 185915, 530, 1,1,-5005.9, -115.661, -9.90561, 2.34198, 0, 0, 0.921136, 0.389242, 4200, 255, 1),
(121866, 185915, 530, 1,1,-5114.87, -99.3793, 71.328, 1.61156, 0, 0, 0.72137, 0.69255, 4200, 255, 1),
(121867, 185915, 530, 1,1,-5339.26, -51.5384, 89.0366, 0.409894, 0, 0, 0.203515, 0.979072, 4200, 255, 1),
(121868, 185915, 530, 1,1,-5457.18, -27.8145, 108.786, 1.372, 0, 0, 0.633446, 0.773787, 4200, 255, 1),
(121869, 185915, 530, 1,1,-5308.66, 394.053, 46.499, 5.15053, 0, 0, 0.536535, -0.843878, 4200, 255, 1),
(121870, 185915, 530, 1,1,-5215.8, 803.416, 175.021, 4.63811, 0, 0, 0.732875, -0.680363, 4200, 255, 1),
(121871, 185915, 530, 1,1,-5054.15, 788.018, 56.7731, 0.860593, 0, 0, 0.41714, 0.908842, 4200, 255, 1),
(121872, 185915, 530, 1,1,-5021.49, 588.721, 164.437, 0.331201, 0, 0, 0.164845, 0.98632, 4200, 255, 1),
(121873, 185915, 530, 1,1,-4936.54, 744.955, 123.693, 0.535405, 0, 0, 0.264517, 0.964381, 4200, 255, 1),
(121874, 185915, 530, 1,1,-5018.59, 759.192, 132.643, 2.72274, 0, 0, 0.97815, 0.2079, 4200, 255, 1),
(121875, 185915, 530, 1,1,-5058.2, 731.691, 146.694, 3.47671, 0, 0, 0.985995, -0.166777, 4200, 255, 1),
(121876, 185915, 530, 1,1,-5036.01, 612.522, 185.498, 2.30647, 0, 0, 0.91408, 0.405535, 4200, 255, 1),
(121877, 185915, 530, 1,1,-5004.34, 14.0032, 76.3543, 4.10347, 0, 0, 0.886562, -0.46261, 4200, 255, 1),
(121878, 185915, 530, 1,1,-4935.62, 316.147, 138.856, 4.50214, 0, 0, 0.777401, -0.629006, 4200, 255, 1),
(121879, 185915, 530, 1,1,-4944.96, 472.32, 146.94, 5.73178, 0, 0, 0.275107, -0.961414, 4200, 255, 1),
(121880, 185915, 530, 1,1,-4964.88, 171.673, 123.666, 4.40597, 0, 0, 0.806738, -0.59091, 4200, 255, 1),
(121881, 185915, 530, 1,1,-4949.78, 290.124, 115.715, 0.669819, 0, 0, 0.328684, 0.94444, 4200, 255, 1),
(121882, 185915, 530, 1,1,-5018.33, 233.498, 109.22, 4.18213, 0, 0, 0.867687, -0.497111, 4200, 255, 1),
(121883, 185915, 530, 1,1,-5137.33, 165.547, 157.05, 1.64921, 0, 0, 0.73428, 0.678847, 4200, 255, 1),
(121884, 185915, 530, 1,1,-5144.73, 189.016, 150.898, 0.054852, 0, 0, 0.0274226, 0.999624, 4200, 255, 1),
(121885, 185915, 530, 1,1,-5319.04, 184.91, 128.323, 5.1716, 0, 0, 0.527619, -0.849481, 4200, 255, 1),
(121886, 185915, 530, 1,1,-5023.28, 346.236, 170.649, 5.87857, 0, 0, 0.200929, -0.979606, 4200, 255, 1),
(121887, 185915, 530, 1,1,-5046.01, 330.714, 172.475, 3.43587, 0, 0, 0.989195, -0.146609, 4200, 255, 1),
(121888, 185915, 530, 1,1,-5042.42, 402.531, 175.591, 4.37848, 0, 0, 0.814783, -0.579767, 4200, 255, 1),
(121889, 185915, 530, 1,1,-5135.77, 104.896, 142.188, 3.23179, 0, 0, 0.998983, -0.0450826, 4200, 255, 1),
(121890, 185915, 530, 1,1,-5065.14, 116.682, 170.545, 4.05313, 0, 0, 0.898055, -0.439884, 4200, 255, 1),
(121891, 185915, 530, 1,1,-5098.13, 383.002, 231.763, 5.10103, 0, 0, 0.557255, -0.830342, 4200, 255, 1);
-- Netherwing Eggs - Mine 
INSERT INTO gameobject (guid, id, map, spawnMask, phaseMask, position_x, position_y, position_z, orientation, rotation0, rotation1, rotation2, rotation3, spawntimesecs, animprogress, state) VALUES
(121892, 185915, 530, 1,1,-4961.216, 326.4431, -3.231219, 3.438303, 0, 0, -0.9890156, 0.1478114, 4200, 255, 1),
(121893, 185915, 530, 1,1,-5121.468, 411.8553, -11.86014, 4.171338, 0, 0, -0.8703556, 0.4924237, 4200, 255, 1),
(121894, 185915, 530, 1,1,-5115.414, 250.2483, -33.75898, 0.9948372, 0, 0, 0.4771585, 0.8788173, 4200, 255, 1),
(121895, 185915, 530, 1,1,-5148.447, 136.6221, -13.83029, 4.904376, 0, 0, -0.6360779, 0.7716249, 4200, 255, 1),
(121896, 185915, 530, 1,1,-5128.437, 694.6092, 40.31931, 3.508117, 0, 0, -0.9832544, 0.182238, 4200, 255, 1),
(121897, 185915, 530, 1,1,-4955.088, 545.7884, 7.666994, 1.169369, 0, 0, 0.5519361, 0.833886, 4200, 255, 1),
(121898, 185915, 530, 1,1,-5029.065, 700.0201, 19.10221, 4.904376, 0, 0, -0.6360779, 0.7716249, 4200, 255, 1),
(121899, 185915, 530, 1,1,-4987.638, 451.117, 6.23003, 5.288348, 0, 0, -0.4771585, 0.8788173, 4200, 255, 1),
(121900, 185915, 530, 1,1,-5052.346, 121.6761, -16.98536, 5.811947, 0, 0, -0.2334452, 0.97237, 4200, 255, 1),
(121901, 185915, 530, 1,1,-5151.286, 492.1222, -12.80628, 1.239183, 0, 0, 0.5807028, 0.8141156, 4200, 255, 1),
(121902, 185915, 530, 1,1,-4962.258, 580.0819, 12.61271, 4.66003, 0, 0, -0.7253742, 0.6883547, 4200, 255, 1),
(121903, 185915, 530, 1,1,-5017.808, 237.6199, -6.427595, 3.892087, 0, 0, -0.9304171, 0.3665025, 4200, 255, 1),
(121904, 185915, 530, 1,1,-5053.19, 312.713, 5.91998, 3.98376, 0, 0, 0.912647, -0.408749, 4200, 255, 1);
-- Pools for these eggs
-- Netherwing Eggs - Dragonmaw Fortrees - 1st pool
DELETE FROM pool_template WHERE entry = 25427;
INSERT INTO pool_template (entry, max_limit, description) VALUES 
(25427,4,'Netherwing eggs - Dragonmaw fortrees');
INSERT INTO pool_gameobject (guid, pool_entry, chance, description) VALUES 
(121847,25427,9,'1852515 - Netherwing Egg #1'),
(121848,25427,9,'1852515 - Netherwing Egg #2'),
(121849,25427,9,'1852515 - Netherwing Egg #3'),
(121850,25427,9,'1852515 - Netherwing Egg #4'),
(121851,25427,9,'1852515 - Netherwing Egg #5'),
(121852,25427,9,'1852515 - Netherwing Egg #6'),
(121853,25427,9,'1852515 - Netherwing Egg #7'),
(121854,25427,9,'1852515 - Netherwing Egg #8'),
(121855,25427,9,'1852515 - Netherwing Egg #9'),
(121856,25427,9,'1852515 - Netherwing Egg #10'),
(121857,25427,9,'1852515 - Netherwing Egg #11');
-- Netherwing Eggs - Ledge - 2nd pool
DELETE FROM pool_template WHERE entry = 25428;
INSERT INTO pool_template (entry, max_limit, description) VALUES 
(25428,7,'Netherwing eggs - Ledge');
INSERT INTO pool_gameobject (guid, pool_entry, chance, description) VALUES 
(50424,25428,2.77,'1852515 - Netherwing Egg #1'),  -- 50424,50423,50422 - are already in DB cannot be changed!!!!
(50423,25428,2.77,'1852515 - Netherwing Egg #2'),  -- 50424,50423,50422 - are already in DB cannot be changed!!!!
(50422,25428,2.77,'1852515 - Netherwing Egg #3'),  -- 50424,50423,50422 - are already in DB cannot be changed!!!!
(121883,25428,2.77,'1852515 - Netherwing Egg #4'), 
(121891,25428,2.77,'1852515 - Netherwing Egg #5'),
(121884,25428,2.77,'1852515 - Netherwing Egg #6'),
(121890,25428,2.77,'1852515 - Netherwing Egg #7'),
(121889,25428,2.77,'1852515 - Netherwing Egg #8'),
(121885,25428,2.77,'1852515 - Netherwing Egg #9'),
(121888,25428,2.77,'1852515 - Netherwing Egg #10'),
(121886,25428,2.77,'1852515 - Netherwing Egg #11'),
(121887,25428,2.77,'1852515 - Netherwing Egg #12'),
(121879,25428,2.77,'1852515 - Netherwing Egg #13'),
(121880,25428,2.77,'1852515 - Netherwing Egg #14'),
(121881,25428,2.77,'1852515 - Netherwing Egg #15'),
(121858,25428,2.77,'1852515 - Netherwing Egg #16'),
(121882,25428,2.77,'1852515 - Netherwing Egg #17'),
(121859,25428,2.77,'1852515 - Netherwing Egg #18'),
(121860,25428,2.77,'1852515 - Netherwing Egg #19'),
(121861,25428,2.77,'1852515 - Netherwing Egg #20'),
(121862,25428,2.77,'1852515 - Netherwing Egg #21'),
(121863,25428,2.77,'1852515 - Netherwing Egg #22'),
(121864,25428,2.77,'1852515 - Netherwing Egg #23'),
(121865,25428,2.77,'1852515 - Netherwing Egg #24'),
(121866,25428,2.77,'1852515 - Netherwing Egg #25'),
(121867,25428,2.77,'1852515 - Netherwing Egg #26'),
(121868,25428,2.77,'1852515 - Netherwing Egg #27'),
(121869,25428,2.77,'1852515 - Netherwing Egg #28'),
(121870,25428,2.77,'1852515 - Netherwing Egg #29'),
(121872,25428,2.77,'1852515 - Netherwing Egg #30'),
(121873,25428,2.77,'1852515 - Netherwing Egg #31'),
(121874,25428,2.77,'1852515 - Netherwing Egg #32'),
(121875,25428,2.77,'1852515 - Netherwing Egg #33'),
(121876,25428,2.77,'1852515 - Netherwing Egg #34'),
(121877,25428,2.77,'1852515 - Netherwing Egg #35'),
(121878,25428,2.77,'1852515 - Netherwing Egg #36');
-- Netherwing Eggs - Mine - 3rd pool
DELETE FROM pool_template WHERE entry = 25429;
INSERT INTO pool_template (entry, max_limit, description) VALUES 
(25429,5,'Netherwing eggs - Dragonmaw fortrees');
INSERT INTO pool_gameobject (guid, pool_entry, chance, description) VALUES 
(121892,25429,7.69,'1852515 - Netherwing Egg #1'),
(121893,25429,7.69,'1852515 - Netherwing Egg #2'),
(121894,25429,7.69,'1852515 - Netherwing Egg #3'),
(121895,25429,7.69,'1852515 - Netherwing Egg #4'),
(121896,25429,7.69,'1852515 - Netherwing Egg #5'),
(121897,25429,7.69,'1852515 - Netherwing Egg #6'),
(121898,25429,7.69,'1852515 - Netherwing Egg #7'),
(121899,25429,7.69,'1852515 - Netherwing Egg #8'),
(121900,25429,7.69,'1852515 - Netherwing Egg #9'),
(121901,25429,7.69,'1852515 - Netherwing Egg #10'),
(121902,25429,7.69,'1852515 - Netherwing Egg #11'),
(121903,25429,7.69,'1852515 - Netherwing Egg #12'),
(121904,25429,7.69,'1852515 - Netherwing Egg #13');

-- these are missing the rotations, guids seem to be the same
DELETE FROM gameobject WHERE guid IN (93941, 93942, 93943, 93944, 93945, 93946, 93947, 93948,
93949, 93950, 93951, 93952, 93953, 93954, 93955);
INSERT INTO gameobject (guid, id, map, spawnMask, phaseMask, position_x, position_y, position_z, orientation, rotation0, rotation1, rotation2, rotation3, spawntimesecs, animprogress, state) VALUES
-- Stable
(93941, 179871, 529, 1, 1, 1185.71, 1185.24, -56.36, 2.56, 0, 0, 0.022338351, 0.999750467, 180, 100, 1),
(93942, 179904, 529, 1, 1, 1185.71, 1185.24, -56.36, 2.56, 0, 0, 0.022338351, 0.999750467, 180, 100, 1),
(93943, 179905, 529, 1, 1, 1185.71, 1185.24, -56.36, 2.56, 0, 0, 0.022338351, 0.999750467, 180, 100, 1),
-- Blacksmith
(93944, 179871, 529, 1, 1, 990.75, 1008.18, -42.60, 2.43, 0, 0, 0.021204161, 0.999775166, 180, 100, 1),
(93945, 179904, 529, 1, 1, 990.75, 1008.18, -42.60, 2.43, 0, 0, 0.021204161, 0.999775166, 180, 100, 1),
(93946, 179905, 529, 1, 1, 990.75, 1008.18, -42.60, 2.43, 0, 0, 0.021204161, 0.999775166, 180, 100, 1),
-- Farm
(93947, 179871, 529, 1, 1, 817.66, 843.34, -56.54, 3.01, 0, 0, 0.026264184, 0.999655036, 180, 100, 1),
(93948, 179904, 529, 1, 1, 817.66, 843.34, -56.54, 3.01, 0, 0, 0.026264184, 0.999655036, 180, 100, 1),
(93949, 179905, 529, 1, 1, 817.66, 843.34, -56.54, 3.01, 0, 0, 0.026264184, 0.999655036, 180, 100, 1),
-- Lumber Mill
(93950, 179871, 529, 1, 1, 807.46, 1189.16, 11.92, 5.44, 0, 0, 0.047455126, 0.998873370, 180, 100, 1),
(93951, 179904, 529, 1, 1, 807.46, 1189.16, 11.92, 5.44, 0, 0, 0.047455126, 0.998873370, 180, 100, 1),
(93952, 179905, 529, 1, 1, 807.46, 1189.16, 11.92, 5.44, 0, 0, 0.047455126, 0.998873370, 180, 100, 1),
-- Gold Mine
(93953, 179871, 529, 1, 1, 1146.62, 816.94, -98.49, 6.0, 0, 0, 0.053555973, 0.998564849, 180, 100, 1),
(93954, 179904, 529, 1, 1, 1146.62, 816.94, -98.49, 6.0, 0, 0, 0.053555973, 0.998564849, 180, 100, 1),
(93955, 179905, 529, 1, 1, 1146.62, 816.94, -98.49, 6.0, 0, 0, 0.053555973, 0.998564849, 180, 100, 1);
DELETE FROM gameobject WHERE guid IN (93956, 93957, 93958, 93959, 93960, 93961, 93962, 93963, 93964, 
93965, 93966, 93967);
INSERT INTO gameobject (guid, id, map, spawnMask, phaseMask, position_x, position_y, position_z, orientation, rotation0, rotation1, rotation2, rotation3, spawntimesecs, animprogress, state) VALUES
-- Blood Elf Tower
(93956, 179871, 566, 1, 1, 2050.4599609375, 1372.26000976563, 1194.56005859375, 0.907571, 0, 0, 0.438371, 0.898794, 180, 100, 1),
(93957, 179904, 566, 1, 1, 2050.4599609375, 1372.26000976563, 1194.56005859375, 0.907571, 0, 0, 0.438371, 0.898794, 180, 100, 1),
(93958, 179905, 566, 1, 1, 2050.4599609375, 1372.26000976563, 1194.56005859375, 0.907571, 0, 0, 0.438371, 0.898794, 180, 100, 1),
-- Fel Reaver Ruins Tower
(93959, 179871, 566, 1, 1, 2046.32995605469, 1748.81005859375, 1190.03002929688, 0.907571, 0, 0, 0.438371, 0.898794, 180, 100, 1),
(93960, 179904, 566, 1, 1, 2046.32995605469, 1748.81005859375, 1190.03002929688, 0.907571, 0, 0, 0.438371, 0.898794, 180, 100, 1),
(93961, 179905, 566, 1, 1, 2046.32995605469, 1748.81005859375, 1190.03002929688, 0.907571, 0, 0, 0.438371, 0.898794, 180, 100, 1),
-- Mage Tower
(93962, 179871, 566, 1, 1, 2283.3798828125, 1748.81005859375, 1189.7099609375, 0.907571, 0, 0, 0.438371, 0.898794, 180, 100, 1),
(93963, 179904, 566, 1, 1, 2283.3798828125, 1748.81005859375, 1189.7099609375, 0.907571, 0, 0, 0.438371, 0.898794, 180, 100, 1),
(93964, 179905, 566, 1, 1, 2283.3798828125, 1748.81005859375, 1189.7099609375, 0.907571, 0, 0, 0.438371, 0.898794, 180, 100, 1),
-- Draenei Ruins Tower
(93965, 179871, 566, 1, 1, 2302.68994140625, 1391.27001953125, 1197.77001953125, 0.907571, 0, 0, 0.438371, 0.898794, 180, 100, 1),
(93966, 179904, 566, 1, 1, 2302.68994140625, 1391.27001953125, 1197.77001953125, 0.907571, 0, 0, 0.438371, 0.898794, 180, 100, 1),
(93967, 179905, 566, 1, 1, 2302.68994140625, 1391.27001953125, 1197.77001953125, 0.907571, 0, 0, 0.438371, 0.898794, 180, 100, 1);
-- Orb of the Blue Flight go spawns
DELETE FROM gameobject WHERE guid IN (94139, 94140, 94141, 94142);
INSERT INTO gameobject (guid, id,map,spawnMask,phaseMask,position_x,position_y,position_z,orientation,rotation0,rotation1,rotation2,rotation3,spawntimesecs,animprogress,state) VALUES
(94139, 188116, 580, 1, 1, 1703.91, 581.981, 28.132, 1.761, 0, 0, 0.771057, 0.636766, 180, 0, 1),
(94140, 188115, 580, 1, 1, 1747.59, 621.556, 28.05, 3.111, 0, 0, 0.999883, 0.0152957, 180, 0, 1),
(94141, 188114, 580, 1, 1, 1694.32, 676.565, 28.05, 4.808, 0, 0, 0.672508, -0.74009, 180, 0, 1),
(94142, 187869, 580, 1, 1, 1651.39, 635.547, 28.142, 6.163, 0, 0, 0.0600564, -0.998195, 180, 0, 1);

-- ### Naxx ###
DELETE FROM gameobject WHERE id = 181356;
INSERT INTO gameobject (guid, id, map, position_x, position_y, position_z, orientation, rotation0, rotation1, rotation2, rotation3, spawntimesecs, animprogress, state) VALUES
(94144, 181356, 533, 3522.57, -5236.76, 137.63, -1.8, 0, 0, -0.783327, 0.62161, 604800, 100, 1);

-- AQ20 entrance spawns
DELETE FROM gameobject WHERE guid IN (94155, 94156, 94157) ;
INSERT INTO gameobject (guid, id, map, spawnMask, phaseMask, position_x, position_y, position_z, orientation, rotation0, rotation1, rotation2, rotation3, spawntimesecs, animprogress, state) VALUES
(94155, 180691, 509, 1, 1, -8713.4375, 1543.3385, 32.20343, 0.767943859, 0, 0, 0.374606133, 0.927184045, 7200, 100, 1),
(94156, 180691, 509, 1, 1, -8938.357, 1860.11328, 3.230413, -2.530723, 0, 0, -0.9537163, 0.3007079, 7200, 100, 1),
(94157, 180691, 509, 1, 1, -9090.657, 1500.95874, 24.4341373, 0.9773831, 0, 0, 0.469470978, 0.8829479, 7200, 100, 1);


UPDATE gameobject SET spawntimesecs=25 WHERE id=184731; -- unify respawntime